{
	"IcoMoonType": "selection",
	"icons": [
		{
			"icon": {
				"paths": [
					"M992.262 871.396l-242.552-206.294c-25.074-22.566-51.89-32.926-73.552-31.926 57.256-67.068 91.842-154.078 91.842-249.176 0-212.078-171.922-384-384-384-212.076 0-384 171.922-384 384s171.922 384 384 384c95.098 0 182.108-34.586 249.176-91.844-1 21.662 9.36 48.478 31.926 73.552l206.294 242.552c35.322 39.246 93.022 42.554 128.22 7.356s31.892-92.898-7.354-128.22zM384 640c-141.384 0-256-114.616-256-256s114.616-256 256-256 256 114.616 256 256-114.614 256-256 256z"
				],
				"attrs": [],
				"isMulticolor": false,
				"tags": [
					"search",
					"magnifier",
					"magnifying-glass",
					"inspect",
					"find"
				],
				"grid": 16
			},
			"attrs": [],
			"properties": {
				"order": 32,
				"prevSize": 16,
				"ligatures": "search, magnifier",
				"name": "search",
				"id": 134,
				"code": 59648
			},
			"setIdx": 0,
			"setId": 2,
			"iconIdx": 134
		},
		{
			"icon": {
				"paths": [
					"M864 128l-480 480-224-224-160 160 384 384 640-640z"
				],
				"attrs": [],
				"isMulticolor": false,
				"tags": [
					"checkmark",
					"tick",
					"correct",
					"accept",
					"ok"
				],
				"grid": 16
			},
			"attrs": [],
			"properties": {
				"order": 33,
				"prevSize": 16,
				"ligatures": "checkmark, tick",
				"name": "checkmark",
				"id": 272,
				"code": 59649
			},
			"setIdx": 0,
			"setId": 2,
			"iconIdx": 272
		},
		{
			"icon": {
				"paths": [
					"M0 768h1024v128h-1024zM512 128l512 512h-1024z"
				],
				"attrs": [],
				"isMulticolor": false,
				"tags": [
					"eject",
					"player"
				],
				"grid": 16
			},
			"attrs": [],
			"properties": {
				"order": 34,
				"prevSize": 16,
				"ligatures": "eject, player17",
				"name": "eject",
				"id": 293,
				"code": 59650
			},
			"setIdx": 0,
			"setId": 2,
			"iconIdx": 293
		},
		{
			"icon": {
				"paths": [
					"M928 0h-832c-52.8 0-96 43.2-96 96v832c0 52.8 43.2 96 96 96h832c52.8 0 96-43.2 96-96v-832c0-52.8-43.2-96-96-96zM384 768c-141.6 0-256-114.4-256-256s114.4-256 256-256c69.2 0 127 25.2 171.6 67l-69.6 66.8c-19-18.2-52.2-39.4-102-39.4-87.4 0-158.8 72.4-158.8 161.6s71.4 161.6 158.8 161.6c101.4 0 139.4-72.8 145.2-110.4h-145.2v-87.8h241.8c2.2 12.8 4 25.6 4 42.4 0 146.4-98 250.2-245.8 250.2zM896 512h-64v64h-64v-64h-64v-64h64v-64h64v64h64v64z"
				],
				"attrs": [],
				"isMulticolor": false,
				"tags": [
					"google-plus",
					"brand",
					"social"
				],
				"grid": 16
			},
			"attrs": [],
			"properties": {
				"order": 35,
				"prevSize": 16,
				"ligatures": "google-plus2, brand6",
				"name": "share-google-plus",
				"id": 396,
				"code": 59651
			},
			"setIdx": 0,
			"setId": 2,
			"iconIdx": 396
		},
		{
			"icon": {
				"width": 768,
				"paths": [
					"M0 576h128v-128h-128v128zM0 320h128v-128h-128v128zM0 832h128v-128h-128v128zM256 576h512v-128h-512v128zM256 320h512v-128h-512v128zM256 832h512v-128h-512v128z"
				],
				"attrs": [],
				"isMulticolor": false,
				"tags": [
					"list-unordered"
				],
				"defaultCode": 61537,
				"grid": 16
			},
			"attrs": [],
			"properties": {
				"id": 98,
				"order": 26,
				"prevSize": 16,
				"name": "list",
				"code": 61537
			},
			"setIdx": 1,
			"setId": 1,
			"iconIdx": 11
		},
		{
			"icon": {
				"paths": [
					"M1024 590.444l-512-397.426-512 397.428v-162.038l512-397.426 512 397.428zM896 576v384h-256v-256h-256v256h-256v-384l384-288z"
				],
				"attrs": [],
				"isMulticolor": false,
				"tags": [
					"home",
					"house"
				],
				"grid": 16
			},
			"attrs": [],
			"properties": {
				"id": 51,
				"order": 2,
				"prevSize": 16,
				"ligatures": "home, house",
				"name": "home",
				"code": 58882
			},
			"setIdx": 1,
			"setId": 1,
			"iconIdx": 12
		},
		{
			"icon": {
				"paths": [
					"M0 1024c128-384 463-1024 1024-1024-263 211-384 704-576 704s-192 0-192 0l-192 320h-64z"
				],
				"attrs": [],
				"isMulticolor": false,
				"tags": [
					"quill",
					"feather",
					"write",
					"edit"
				],
				"grid": 16
			},
			"attrs": [],
			"properties": {
				"id": 70,
				"order": 1,
				"prevSize": 16,
				"ligatures": "quill, feather",
				"name": "quill",
				"code": 58896
			},
			"setIdx": 1,
			"setId": 1,
			"iconIdx": 13
		},
		{
			"icon": {
				"paths": [
					"M832 960l192-512h-832l-192 512zM128 384l-128 576v-832h288l128 128h416v128z"
				],
				"attrs": [],
				"isMulticolor": false,
				"tags": [
					"folder-open",
					"directory",
					"category",
					"browse"
				],
				"grid": 16
			},
			"attrs": [],
			"properties": {
				"id": 227,
				"order": 23,
				"prevSize": 16,
				"ligatures": "folder-open, directory2",
				"name": "folder",
				"code": 58894
			},
			"setIdx": 1,
			"setId": 1,
			"iconIdx": 14
		},
		{
			"icon": {
				"paths": [
					"M976 0h-384c-26.4 0-63.274 15.274-81.942 33.942l-476.116 476.116c-18.668 18.668-18.668 49.214 0 67.882l412.118 412.118c18.668 18.668 49.214 18.668 67.882 0l476.118-476.118c18.666-18.666 33.94-55.54 33.94-81.94v-384c0-26.4-21.6-48-48-48zM736 384c-53.020 0-96-42.98-96-96s42.98-96 96-96 96 42.98 96 96-42.98 96-96 96z"
				],
				"attrs": [],
				"isMulticolor": false,
				"tags": [
					"price-tag"
				],
				"grid": 16
			},
			"attrs": [],
			"properties": {
				"order": 3,
				"id": 1471,
				"prevSize": 16,
				"ligatures": "price-tag",
				"name": "tag",
				"code": 58880
			},
			"setIdx": 1,
			"setId": 1,
			"iconIdx": 15
		},
		{
			"icon": {
				"paths": [
					"M658.744 749.256l-210.744-210.746v-282.51h128v229.49l173.256 173.254zM512 0c-282.77 0-512 229.23-512 512s229.23 512 512 512 512-229.23 512-512-229.23-512-512-512zM512 896c-212.078 0-384-171.922-384-384s171.922-384 384-384c212.078 0 384 171.922 384 384s-171.922 384-384 384z"
				],
				"attrs": [],
				"isMulticolor": false,
				"tags": [
					"clock",
					"time",
					"schedule"
				],
				"grid": 16
			},
			"attrs": [],
			"properties": {
				"id": 324,
				"order": 4,
				"prevSize": 16,
				"ligatures": "clock, time2",
				"name": "time",
				"code": 58895
			},
			"setIdx": 1,
			"setId": 1,
			"iconIdx": 16
		},
		{
			"icon": {
				"paths": [
					"M320 384h128v128h-128zM512 384h128v128h-128zM704 384h128v128h-128zM128 768h128v128h-128zM320 768h128v128h-128zM512 768h128v128h-128zM320 576h128v128h-128zM512 576h128v128h-128zM704 576h128v128h-128zM128 576h128v128h-128zM832 0v64h-128v-64h-448v64h-128v-64h-128v1024h960v-1024h-128zM896 960h-832v-704h832v704z"
				],
				"attrs": [],
				"isMulticolor": false,
				"tags": [
					"calendar",
					"date",
					"schedule",
					"time",
					"day"
				],
				"grid": 16
			},
			"attrs": [],
			"properties": {
				"id": 340,
				"order": 5,
				"prevSize": 16,
				"ligatures": "calendar, date",
				"name": "calendar",
				"code": 58881
			},
			"setIdx": 1,
			"setId": 1,
			"iconIdx": 17
		},
		{
			"icon": {
				"width": 1152,
				"paths": [
					"M480 0v0c265.096 0 480 173.914 480 388.448s-214.904 388.448-480 388.448c-25.458 0-50.446-1.62-74.834-4.71-103.106 102.694-222.172 121.108-341.166 123.814v-25.134c64.252-31.354 116-88.466 116-153.734 0-9.106-0.712-18.048-2.030-26.794-108.558-71.214-177.97-179.988-177.97-301.89 0-214.534 214.904-388.448 480-388.448zM996 870.686c0 55.942 36.314 104.898 92 131.772v21.542c-103.126-2.318-197.786-18.102-287.142-106.126-21.14 2.65-42.794 4.040-64.858 4.040-95.47 0-183.408-25.758-253.614-69.040 144.674-0.506 281.26-46.854 384.834-130.672 52.208-42.252 93.394-91.826 122.414-147.348 30.766-58.866 46.366-121.582 46.366-186.406 0-10.448-0.45-20.836-1.258-31.168 72.57 59.934 117.258 141.622 117.258 231.676 0 104.488-60.158 197.722-154.24 258.764-1.142 7.496-1.76 15.16-1.76 22.966z"
				],
				"attrs": [],
				"isMulticolor": false,
				"tags": [
					"bubbles",
					"comments",
					"chat",
					"talk"
				],
				"grid": 16
			},
			"attrs": [],
			"properties": {
				"id": 424,
				"order": 21,
				"prevSize": 16,
				"ligatures": "bubbles2, comments2",
				"name": "comment",
				"code": 59392
			},
			"setIdx": 1,
			"setId": 1,
			"iconIdx": 18
		},
		{
			"icon": {
				"paths": [
					"M0 64v896h1024v-896h-1024zM960 896h-896v-768h896v768zM896 192h-768v640h768v-640zM448 512h-64v64h-64v64h-64v-64h64v-64h64v-64h-64v-64h-64v-64h64v64h64v64h64v64zM704 640h-192v-64h192v64z"
				],
				"attrs": [],
				"isMulticolor": false,
				"tags": [
					"terminal",
					"console",
					"cmd",
					"command-line"
				],
				"grid": 16
			},
			"attrs": [],
			"properties": {
				"id": 1273,
				"order": 6,
				"prevSize": 16,
				"ligatures": "terminal, console",
				"name": "terminal",
				"code": 58898
			},
			"setIdx": 1,
			"setId": 1,
			"iconIdx": 19
		},
		{
			"icon": {
				"paths": [
					"M864 704c-45.16 0-85.92 18.738-115.012 48.83l-431.004-215.502c1.314-8.252 2.016-16.706 2.016-25.328s-0.702-17.076-2.016-25.326l431.004-215.502c29.092 30.090 69.852 48.828 115.012 48.828 88.366 0 160-71.634 160-160s-71.634-160-160-160-160 71.634-160 160c0 8.622 0.704 17.076 2.016 25.326l-431.004 215.504c-29.092-30.090-69.852-48.83-115.012-48.83-88.366 0-160 71.636-160 160 0 88.368 71.634 160 160 160 45.16 0 85.92-18.738 115.012-48.828l431.004 215.502c-1.312 8.25-2.016 16.704-2.016 25.326 0 88.368 71.634 160 160 160s160-71.632 160-160c0-88.364-71.634-160-160-160z"
				],
				"attrs": [],
				"isMulticolor": false,
				"tags": [
					"share",
					"social"
				],
				"grid": 16
			},
			"attrs": [],
			"properties": {
				"id": 1285,
				"order": 7,
				"prevSize": 16,
				"ligatures": "share2, social",
				"name": "share",
				"code": 58899
			},
			"setIdx": 1,
			"setId": 1,
			"iconIdx": 20
		},
		{
			"icon": {
				"paths": [
					"M853.35 0h-682.702c-94.25 0-170.648 76.42-170.648 170.686v682.63c0 94.266 76.398 170.684 170.648 170.684h341.352v-448h-128v-128h128v-96c0-88.366 71.634-160 160-160h160v128h-160c-17.674 0-32 14.328-32 32v96h176l-32 128h-144v448h213.35c94.25 0 170.65-76.418 170.65-170.684v-682.63c0-94.266-76.4-170.686-170.65-170.686z"
				],
				"attrs": [],
				"isMulticolor": false,
				"tags": [
					"facebook",
					"brand",
					"social"
				],
				"grid": 16
			},
			"attrs": [],
			"properties": {
				"id": 1298,
				"order": 8,
				"prevSize": 16,
				"ligatures": "facebook2, brand7",
				"name": "share-facebook",
				"code": 58884
			},
			"setIdx": 1,
			"setId": 1,
			"iconIdx": 22
		},
		{
			"icon": {
				"paths": [
					"M1024 194.418c-37.676 16.708-78.164 28.002-120.66 33.080 43.372-26 76.686-67.17 92.372-116.23-40.596 24.078-85.556 41.56-133.41 50.98-38.32-40.83-92.922-66.34-153.346-66.34-116.022 0-210.088 94.058-210.088 210.078 0 16.466 1.858 32.5 5.44 47.878-174.6-8.764-329.402-92.4-433.018-219.506-18.084 31.028-28.446 67.116-28.446 105.618 0 72.888 37.088 137.192 93.46 174.866-34.438-1.092-66.832-10.542-95.154-26.278-0.020 0.876-0.020 1.756-0.020 2.642 0 101.788 72.418 186.696 168.522 206-17.626 4.8-36.188 7.372-55.348 7.372-13.538 0-26.698-1.32-39.528-3.772 26.736 83.46 104.32 144.206 196.252 145.896-71.9 56.35-162.486 89.934-260.916 89.934-16.958 0-33.68-0.994-50.116-2.94 92.972 59.61 203.402 94.394 322.042 94.394 386.422 0 597.736-320.124 597.736-597.744 0-9.108-0.206-18.168-0.61-27.18 41.056-29.62 76.672-66.62 104.836-108.748z"
				],
				"attrs": [],
				"isMulticolor": false,
				"tags": [
					"twitter",
					"brand",
					"tweet",
					"social"
				],
				"grid": 16
			},
			"attrs": [],
			"properties": {
				"id": 1302,
				"order": 9,
				"prevSize": 16,
				"ligatures": "twitter, brand11",
				"name": "twitter",
				"code": 58886
			},
			"setIdx": 1,
			"setId": 1,
			"iconIdx": 23
		},
		{
			"icon": {
				"paths": [
					"M853.342 0h-682.656c-93.874 0-170.686 76.81-170.686 170.69v682.624c0 93.936 76.812 170.686 170.686 170.686h682.656c93.876 0 170.658-76.75 170.658-170.69v-682.62c0-93.88-76.782-170.69-170.658-170.69zM766.478 381.48c0.252 5.632 0.38 11.296 0.38 16.988 0 173.51-132.070 373.588-373.584 373.588-74.15 0-143.168-21.738-201.276-58.996 10.272 1.218 20.724 1.84 31.322 1.84 61.518 0 118.134-20.992 163.072-56.21-57.458-1.054-105.948-39.020-122.658-91.184 8.018 1.532 16.244 2.36 24.704 2.36 11.976 0 23.578-1.61 34.592-4.61-60.064-12.066-105.326-65.132-105.326-128.75 0-0.554 0-1.104 0.012-1.652 17.7 9.834 37.948 15.742 59.47 16.424-35.232-23.546-58.414-63.736-58.414-109.292 0-24.064 6.476-46.62 17.78-66.010 64.76 79.44 161.51 131.712 270.634 137.19-2.238-9.612-3.4-19.632-3.4-29.924 0-72.512 58.792-131.298 131.304-131.298 37.766 0 71.892 15.944 95.842 41.462 29.908-5.886 58.008-16.814 83.38-31.862-9.804 30.662-30.624 56.394-57.732 72.644 26.56-3.174 51.866-10.232 75.412-20.674-17.594 26.328-39.854 49.454-65.514 67.966z"
				],
				"attrs": [],
				"isMulticolor": false,
				"tags": [
					"twitter",
					"brand",
					"tweet",
					"social"
				],
				"grid": 16
			},
			"attrs": [],
			"properties": {
				"id": 1303,
				"order": 14,
				"prevSize": 16,
				"ligatures": "twitter2, brand12",
				"name": "share-twitter",
				"code": 58887
			},
			"setIdx": 1,
			"setId": 1,
			"iconIdx": 24
		},
		{
			"icon": {
				"paths": [
					"M293.188 0l-69.188 137.234-69.188-137.234h-88.248l124.71 217.314 0.726-0.43v167.116h64v-167.116l0.726 0.43 124.71-217.314z",
					"M480 128c17.346 0 32 14.654 32 32v128c0 17.346-14.654 32-32 32s-32-14.654-32-32v-128c0-17.346 14.654-32 32-32zM480 64c-52.8 0-96 43.2-96 96v128c0 52.8 43.2 96 96 96s96-43.2 96-96v-128c0-52.8-43.2-96-96-96v0z",
					"M768 64v251.968c-27.922 23.288-64 37.332-64-45.634v-206.334h-64v219.324h0.096c0.986 52.91 12.142 148.168 127.904 70.712v29.964h64v-320h-64z",
					"M864 704c-17.644 0-32 14.356-32 32v32h64v-32c0-17.644-14.356-32-32-32z",
					"M576 736v168c21.666 21.666 64 24 64-8s0-118 0-150-32-42-64-10z",
					"M1018.766 581.54c-2.792-36.862-16.046-66.942-39.778-90.244-23.726-23.298-54.080-35.994-91.068-38.080-69.784-3.478-229.452-5.216-369.716-5.216-140.266 0-311.294 1.738-381.078 5.216-36.986 2.086-67.342 14.782-91.068 38.080-23.728 23.302-36.988 53.382-39.778 90.244-4.188 75.116-6.28 102.352-6.28 139.91 0 37.56 2.092 93.894 6.28 169.012 2.792 36.862 16.050 66.944 39.778 90.244 23.726 23.298 54.082 35.992 91.068 38.080 69.782 3.476 240.81 5.214 381.078 5.214 140.266 0 299.934-1.738 369.716-5.214 36.988-2.088 67.342-14.782 91.068-38.080 23.73-23.3 36.986-53.382 39.778-90.244 3.49-62.598 5.234-118.934 5.234-169.012 0-50.076-1.744-77.314-5.234-139.91zM192 960h-64v-320h-64v-64h192v64h-64v320zM448 960h-64v-29.962c-121.666 68.294-126.918 2.198-127.904-50.712h-0.096v-175.326h64v176.334c0 38.666 36.078 34.924 64 11.634v-187.968h64v256zM704 895.086c0 66.892-68.504 86.402-128 34.39v30.524h-64v-384h64v104c64-64 128-40 128 24s0 121.172 0 191.086zM960 768v32h-128v64c0 17.644 14.356 32 32 32s32-14.356 32-32v-32h64v32c0 52.934-43.066 96-96 96s-96-43.066-96-96v-128c0-52.934 43.066-96 96-96s96 43.066 96 96v32z"
				],
				"attrs": [],
				"isMulticolor": false,
				"tags": [
					"youtube",
					"brand",
					"social"
				],
				"grid": 16
			},
			"attrs": [],
			"properties": {
				"order": 10,
				"id": 1541,
				"prevSize": 16,
				"ligatures": "youtube3, brand16",
				"name": "youtube",
				"code": 58888
			},
			"setIdx": 1,
			"setId": 1,
			"iconIdx": 25
		},
		{
			"icon": {
				"paths": [
					"M512.008 12.642c-282.738 0-512.008 229.218-512.008 511.998 0 226.214 146.704 418.132 350.136 485.836 25.586 4.738 34.992-11.11 34.992-24.632 0-12.204-0.48-52.542-0.696-95.324-142.448 30.976-172.504-60.41-172.504-60.41-23.282-59.176-56.848-74.916-56.848-74.916-46.452-31.778 3.51-31.124 3.51-31.124 51.4 3.61 78.476 52.766 78.476 52.766 45.672 78.27 119.776 55.64 149.004 42.558 4.588-33.086 17.852-55.68 32.506-68.464-113.73-12.942-233.276-56.85-233.276-253.032 0-55.898 20.004-101.574 52.76-137.428-5.316-12.9-22.854-64.972 4.952-135.5 0 0 43.006-13.752 140.84 52.49 40.836-11.348 84.636-17.036 128.154-17.234 43.502 0.198 87.336 5.886 128.256 17.234 97.734-66.244 140.656-52.49 140.656-52.49 27.872 70.528 10.35 122.6 5.036 135.5 32.82 35.856 52.694 81.532 52.694 137.428 0 196.654-119.778 239.95-233.79 252.624 18.364 15.89 34.724 47.046 34.724 94.812 0 68.508-0.596 123.644-0.596 140.508 0 13.628 9.222 29.594 35.172 24.566 203.322-67.776 349.842-259.626 349.842-485.768 0-282.78-229.234-511.998-511.992-511.998z"
				],
				"attrs": [],
				"isMulticolor": false,
				"tags": [
					"github",
					"brand",
					"octacat",
					"social"
				],
				"grid": 16
			},
			"attrs": [],
			"properties": {
				"order": 20,
				"id": 1412,
				"prevSize": 16,
				"ligatures": "github, brand40",
				"name": "github",
				"code": 59393
			},
			"setIdx": 1,
			"setId": 1,
			"iconIdx": 26
		},
		{
			"icon": {
				"paths": [
					"M128 511.992c0 148.026 88.322 275.968 216.43 336.578l-183.178-488.784c-21.308 46.508-33.252 97.982-33.252 152.206zM771.228 493.128c0-46.234-17.054-78.236-31.654-103.142-19.458-30.82-37.72-56.894-37.72-87.716 0-34.374 26.766-66.376 64.486-66.376 1.704 0 3.32 0.204 4.976 0.302-68.316-60.97-159.34-98.196-259.308-98.196-134.16 0-252.186 67.046-320.844 168.568 9.010 0.282 17.506 0.454 24.712 0.454 40.154 0 102.34-4.752 102.34-4.752 20.69-1.182 23.132 28.434 2.458 30.822 0 0-20.81 2.368-43.952 3.55l139.834 405.106 84.044-245.456-59.822-159.65c-20.688-1.184-40.278-3.55-40.278-3.55-20.702-1.192-18.272-32.002 2.438-30.822 0 0 63.4 4.752 101.134 4.752 40.146 0 102.35-4.752 102.35-4.752 20.702-1.182 23.14 28.434 2.446 30.822 0 0-20.834 2.372-43.948 3.55l138.78 402.018 38.312-124.632c16.58-51.75 29.216-88.9 29.216-120.9zM518.742 544.704l-115.226 326.058c34.416 9.858 70.794 15.238 108.488 15.238 44.716 0 87.604-7.518 127.518-21.2-1.018-1.602-1.974-3.304-2.75-5.154l-118.030-314.942zM848.962 332.572c1.652 11.91 2.588 24.686 2.588 38.458 0 37.93-7.292 80.596-29.202 133.95l-117.286 330.272c114.162-64.828 190.938-185.288 190.938-323.258 0-65.030-17.060-126.16-47.038-179.422zM512 0c-282.77 0-512 229.23-512 512s229.23 512 512 512 512-229.23 512-512-229.23-512-512-512zM512 960c-247.424 0-448-200.576-448-448s200.576-448 448-448 448 200.576 448 448-200.576 448-448 448z"
				],
				"attrs": [],
				"isMulticolor": false,
				"tags": [
					"wordpress",
					"brand",
					"social",
					"cms"
				],
				"grid": 16
			},
			"attrs": [],
			"properties": {
				"id": 1339,
				"order": 11,
				"prevSize": 16,
				"ligatures": "wordpress, brand45",
				"name": "wordpress",
				"code": 58890
			},
			"setIdx": 1,
			"setId": 1,
			"iconIdx": 27
		},
		{
			"icon": {
				"paths": [
					"M576.032 448l-0.002 234.184c0 59.418-0.77 93.656 5.53 110.5 6.25 16.754 21.918 34.146 38.99 44.202 22.684 13.588 48.542 20.376 77.708 20.376 51.854 0 82.478-6.848 133.742-40.54v153.944c-43.7 20.552-81.866 32.594-117.324 40.922-35.5 8.242-73.86 12.406-115.064 12.406-46.828 0-74.456-5.886-110.41-17.656-35.958-11.868-66.66-28.806-92.020-50.54-25.45-21.922-43.022-45.208-52.848-69.832-9.826-24.636-14.716-60.414-14.716-107.244v-359.1h-137.426v-145.006c40.208-13.042 85.164-31.788 113.78-56.152 28.754-24.45 51.766-53.706 69.106-87.944 17.392-34.146 29.348-77.712 35.872-130.516h165.084l-0.002 255.996h255.968v192h-255.968z"
				],
				"attrs": [],
				"isMulticolor": false,
				"tags": [
					"tumblr",
					"brand",
					"social"
				],
				"grid": 16
			},
			"attrs": [],
			"properties": {
				"id": 1344,
				"order": 19,
				"prevSize": 16,
				"ligatures": "tumblr, brand50",
				"name": "tumblr",
				"code": 59394
			},
			"setIdx": 1,
			"setId": 1,
			"iconIdx": 28
		},
		{
			"icon": {
				"paths": [
					"M60.538 0l82.144 921.63 368.756 102.37 369.724-102.524 82.3-921.476h-902.924zM784.63 301.428h-432.54l10.302 115.75h411.968l-31.042 347.010-231.844 64.254-231.572-64.254-15.83-177.512h113.494l8.048 90.232 125.862 33.916 0.278-0.078 125.934-33.992 13.070-146.55h-391.74l-30.494-341.8h566.214l-10.108 113.024z"
				],
				"attrs": [],
				"isMulticolor": false,
				"tags": [
					"html5",
					"w3c"
				],
				"grid": 16
			},
			"attrs": [],
			"properties": {
				"id": 1384,
				"order": 12,
				"prevSize": 16,
				"ligatures": "html5, w3c",
				"name": "html5",
				"code": 58892
			},
			"setIdx": 1,
			"setId": 1,
			"iconIdx": 29
		},
		{
			"icon": {
				"paths": [
					"M152.388 48.522l-34.36 171.926h699.748l-21.884 111.054h-700.188l-33.892 171.898h699.684l-39.018 196.064-282.012 93.422-244.4-93.422 16.728-85.042h-171.898l-40.896 206.352 404.226 154.704 466.006-154.704 153.768-772.252z"
				],
				"attrs": [],
				"isMulticolor": false,
				"tags": [
					"css3",
					"w3c"
				],
				"grid": 16
			},
			"attrs": [],
			"properties": {
				"id": 1386,
				"order": 13,
				"prevSize": 16,
				"ligatures": "css3, w3c3",
				"name": "css3",
				"code": 58893
			},
			"setIdx": 1,
			"setId": 1,
			"iconIdx": 30
		},
		{
			"icon": {
				"paths": [
					"M440.5 467.359c11.12-6.683 16.739-18.081 16.739-34.257 0-16.819-5.28-28.62-15.639-35.463-10.497-6.803-30.84-10.22-61.121-10.22h-26.199v89.821h24.36c30.059 0 50.597-3.32 61.859-9.881zM459.702 568.396c-10.885-7.437-31.343-11.16-60.943-11.16h-44.481v97.799h42.641c28.82 0 49.362-3.595 61.282-10.915 12.034-7.28 17.997-19.402 17.997-36.281 0.002-18.859-5.437-32-16.496-39.443zM873.41 0h-722.822c-83.168 0-150.588 67.42-150.588 150.588v722.822c0 83.172 67.42 150.59 150.588 150.59h722.822c83.172 0 150.59-67.418 150.59-150.59v-722.822c0-83.168-67.418-150.588-150.59-150.588zM662.604 286.119h105.416v301.184h-105.416v-301.184zM576.76 670.9c-10.020 18.141-24.36 32.255-43.16 42.186-15.2 8.114-33.98 14.035-56.36 17.554-22.4 3.401-59.041 5.182-109.839 5.182h-126.461v-447.64h122.74c50.479 0 85.661 1.617 105.759 4.819 20.003 3.304 37.161 8.901 51.601 16.843 16.5 9.158 29.065 21.396 37.8 36.678 8.521 15.378 12.921 33.183 12.921 53.302 0 25.42-6.421 45.619-19.36 60.496-13.001 15.081-33.56 26.363-61.859 34.079 31.824 2.419 56.619 13.625 74.461 33.562 17.895 19.879 26.84 46.559 26.84 79.758-0.002 23.997-4.998 44.986-15.083 63.181zM715.319 737.879c-33.281 0-60.24-26.959-60.24-60.24 0-33.279 26.959-60.22 60.24-60.22 33.239 0 60.22 26.941 60.22 60.22 0 33.281-26.979 60.24-60.22 60.24z"
				],
				"attrs": [],
				"isMulticolor": false,
				"grid": 14,
				"tags": [
					"hatebu"
				]
			},
			"attrs": [],
			"properties": {
				"order": 31,
				"id": 1549,
				"prevSize": 32,
				"name": "hatebu",
				"code": 59396
			},
			"setIdx": 1,
			"setId": 1,
			"iconIdx": 0
		},
		{
			"icon": {
				"paths": [
					"M124.483 705.451c-75.044-6.586-130.54-72.758-123.952-147.804 6.586-75.044 72.762-130.539 147.804-123.954 75.046 6.586 130.544 72.762 123.958 147.809-6.591 75.039-72.767 130.54-147.809 123.949z",
					"M385.538 223.842c0 60.349-48.923 109.272-109.272 109.272s-109.272-48.923-109.272-109.272c0-60.349 48.923-109.272 109.272-109.272s109.272 48.923 109.272 109.272z",
					"M647.113 91.234c0 45.367-36.777 82.144-82.144 82.144s-82.144-36.777-82.144-82.144c0-45.367 36.777-82.144 82.144-82.144s82.144 36.777 82.144 82.144z",
					"M1023.709 59.756l-72.993-59.756-513.947 633.862c-6.374 1.281-12.819 3.017-19.311 5.218-45.529 15.429-92.263 52.059-138.899 108.877l-1.332 1.623c-84.418 102.853-112.857 137.503-254.031 191.423l-21.446 8.191 18.004 14.247c66.433 52.564 155.821 71.813 251.7 54.197 116.297-21.366 227.051-94.843 282.159-187.189v-0.002c16.050-26.895 23.436-57.535 21.301-87.527l448.796-683.164zM658.548 403.733l73.543 52.411c0 0-54.211 82.008-102.059 154.425l-87.781-63.766c4.979-6.125 10.014-12.316 15.081-18.547 45.808-56.342 101.217-124.523 101.217-124.523zM531.187 817.066c-21.291 35.68-51.582 68.34-87.501 95.806-64.475 0.738-168.893-12.793-168.137-120.176 6.94-8.362 14.186-17.189 21.865-26.547l1.332-1.621c42.881-52.244 86.829-87.069 127.093-100.715 6.25-2.119 12.375-3.7 18.368-4.803l78.065 62.942 28.042 23.342c-0.895 19.889-8.087 53.273-19.127 71.773zM465.434 641.319c6.191-7.636 32.377-39.852 63.618-78.281l89.453 64.978c-28.85 43.664-53.343 80.748-58.909 89.223-16.55-13.34-78.342-63.164-94.162-75.92z"
				],
				"attrs": [
					{
						"fill": "rgb(4, 0, 0)"
					},
					{
						"fill": "rgb(4, 0, 0)"
					},
					{
						"fill": "rgb(4, 0, 0)"
					},
					{
						"fill": "rgb(4, 0, 0)"
					}
				],
				"isMulticolor": false,
				"tags": [
					"illust"
				],
				"grid": 14
			},
			"attrs": [
				{
					"fill": "rgb(4, 0, 0)"
				},
				{
					"fill": "rgb(4, 0, 0)"
				},
				{
					"fill": "rgb(4, 0, 0)"
				},
				{
					"fill": "rgb(4, 0, 0)"
				}
			],
			"properties": {
				"order": 25,
				"id": 1547,
				"prevSize": 32,
				"code": 59395,
				"name": "illust"
			},
			"setIdx": 1,
			"setId": 1,
			"iconIdx": 1
		},
		{
			"icon": {
				"paths": [
					"M530.286 475.429q0-8-5.143-13.143t-13.143-5.143q-37.714 0-64.571 26.857t-26.857 64.571q0 8 5.143 13.143t13.143 5.143 13.143-5.143 5.143-13.143q0-22.857 16-38.857t38.857-16q8 0 13.143-5.143t5.143-13.143zM658.286 549.714q0 60.571-42.857 103.429t-103.429 42.857-103.429-42.857-42.857-103.429 42.857-103.429 103.429-42.857 103.429 42.857 42.857 103.429zM73.143 877.714h877.714v-73.143h-877.714v73.143zM731.429 549.714q0-90.857-64.286-155.143t-155.143-64.286-155.143 64.286-64.286 155.143 64.286 155.143 155.143 64.286 155.143-64.286 64.286-155.143zM146.286 182.857h219.429v-73.143h-219.429v73.143zM73.143 292.571h877.714v-146.286h-473.143l-36.571 73.143h-368v73.143zM1024 146.286v731.429q0 30.286-21.429 51.714t-51.714 21.429h-877.714q-30.286 0-51.714-21.429t-21.429-51.714v-731.429q0-30.286 21.429-51.714t51.714-21.429h877.714q30.286 0 51.714 21.429t21.429 51.714z"
				],
				"attrs": [],
				"isMulticolor": false,
				"tags": [
					"camera-retro"
				],
				"defaultCode": 61571,
				"grid": 14
			},
			"attrs": [],
			"properties": {
				"id": 123,
				"order": 27,
				"prevSize": 32,
				"name": "photo",
				"code": 61571
			},
			"setIdx": 1,
			"setId": 1,
			"iconIdx": 2
		},
		{
			"icon": {
				"width": 1097,
				"paths": [
					"M1097.143 548.571q-0.571 18.286-164.571 54.857l-201.143 18.286-128 36.571h-36.571l-167.429 201.143h39.429q14.857 0 25.714 2.571t10.857 6.571-10.857 6.571-25.714 2.571h-182.857v-18.286h36.571v-237.714h-91.429l-109.714 128h-54.857l-18.286-18.286v-109.714h18.286v-18.286h73.143v-4.571l-109.714-13.714v-73.143l109.714-13.714v-4.571h-73.143v-18.286h-18.286v-109.714l18.286-18.286h54.857l109.714 128h91.429v-237.714h-36.571v-18.286h182.857q14.857 0 25.714 2.571t10.857 6.571-10.857 6.571-25.714 2.571h-39.429l167.429 201.143h36.571l128 36.571 201.143 18.286q149.143 33.143 164 53.143z"
				],
				"attrs": [],
				"isMulticolor": false,
				"tags": [
					"fighter-jet"
				],
				"defaultCode": 61691,
				"grid": 14
			},
			"attrs": [],
			"properties": {
				"id": 224,
				"order": 28,
				"prevSize": 32,
				"name": "fighter-jet",
				"code": 61691
			},
			"setIdx": 1,
			"setId": 1,
			"iconIdx": 3
		},
		{
			"icon": {
				"width": 366,
				"paths": [
					"M358.286 310.857q0 7.429-5.714 13.143l-224.571 224.571 224.571 224.571q5.714 5.714 5.714 13.143t-5.714 13.143l-28.571 28.571q-5.714 5.714-13.143 5.714t-13.143-5.714l-266.286-266.286q-5.714-5.714-5.714-13.143t5.714-13.143l266.286-266.286q5.714-5.714 13.143-5.714t13.143 5.714l28.571 28.571q5.714 5.714 5.714 13.143z"
				],
				"attrs": [],
				"isMulticolor": false,
				"tags": [
					"angle-left"
				],
				"defaultCode": 61700,
				"grid": 14
			},
			"attrs": [],
			"properties": {
				"id": 232,
				"order": 29,
				"prevSize": 32,
				"name": "angle-left",
				"code": 61700
			},
			"setIdx": 1,
			"setId": 1,
			"iconIdx": 4
		},
		{
			"icon": {
				"width": 366,
				"paths": [
					"M340 548.571q0 7.429-5.714 13.143l-266.286 266.286q-5.714 5.714-13.143 5.714t-13.143-5.714l-28.571-28.571q-5.714-5.714-5.714-13.143t5.714-13.143l224.571-224.571-224.571-224.571q-5.714-5.714-5.714-13.143t5.714-13.143l28.571-28.571q5.714-5.714 13.143-5.714t13.143 5.714l266.286 266.286q5.714 5.714 5.714 13.143z"
				],
				"attrs": [],
				"isMulticolor": false,
				"tags": [
					"angle-right"
				],
				"defaultCode": 61701,
				"grid": 14
			},
			"attrs": [],
			"properties": {
				"id": 233,
				"order": 17,
				"prevSize": 32,
				"name": "angle-right",
				"code": 61701
			},
			"setIdx": 1,
			"setId": 1,
			"iconIdx": 5
		},
		{
			"icon": {
				"width": 219,
				"paths": [
					"M219.429 713.143v109.714q0 22.857-16 38.857t-38.857 16h-109.714q-22.857 0-38.857-16t-16-38.857v-109.714q0-22.857 16-38.857t38.857-16h109.714q22.857 0 38.857 16t16 38.857zM219.429 420.571v109.714q0 22.857-16 38.857t-38.857 16h-109.714q-22.857 0-38.857-16t-16-38.857v-109.714q0-22.857 16-38.857t38.857-16h109.714q22.857 0 38.857 16t16 38.857zM219.429 128v109.714q0 22.857-16 38.857t-38.857 16h-109.714q-22.857 0-38.857-16t-16-38.857v-109.714q0-22.857 16-38.857t38.857-16h109.714q22.857 0 38.857 16t16 38.857z"
				],
				"attrs": [],
				"isMulticolor": false,
				"tags": [
					"ellipsis-v"
				],
				"defaultCode": 61762,
				"grid": 14
			},
			"attrs": [],
			"properties": {
				"id": 288,
				"order": 22,
				"prevSize": 32,
				"name": "ellipsis-v",
				"code": 61762
			},
			"setIdx": 1,
			"setId": 1,
			"iconIdx": 6
		},
		{
			"icon": {
				"width": 877.7142857142858,
				"paths": [
					"M778.286 814.857v-370.286h-77.143q11.429 36 11.429 74.857 0 72-36.571 132.857t-99.429 96.286-137.143 35.429q-112.571 0-192.571-77.429t-80-187.143q0-38.857 11.429-74.857h-80.571v370.286q0 14.857 10 24.857t24.857 10h610.857q14.286 0 24.571-10t10.286-24.857zM616 510.286q0-70.857-51.714-120.857t-124.857-50q-72.571 0-124.286 50t-51.714 120.857 51.714 120.857 124.286 50q73.143 0 124.857-50t51.714-120.857zM778.286 304.571v-94.286q0-16-11.429-27.714t-28-11.714h-99.429q-16.571 0-28 11.714t-11.429 27.714v94.286q0 16.571 11.429 28t28 11.429h99.429q16.571 0 28-11.429t11.429-28zM877.714 185.714v652.571q0 46.286-33.143 79.429t-79.429 33.143h-652.571q-46.286 0-79.429-33.143t-33.143-79.429v-652.571q0-46.286 33.143-79.429t79.429-33.143h652.571q46.286 0 79.429 33.143t33.143 79.429z"
				],
				"attrs": [],
				"isMulticolor": false,
				"tags": [
					"instagram"
				],
				"defaultCode": 61805,
				"grid": 14
			},
			"attrs": [],
			"properties": {
				"id": 329,
				"order": 15,
				"prevSize": 32,
				"name": "instagram",
				"code": 61805
			},
			"setIdx": 1,
			"setId": 1,
			"iconIdx": 7
		},
		{
			"icon": {
				"width": 877.7142857142858,
				"paths": [
					"M713.143 73.143q68 0 116.286 48.286t48.286 116.286v548.571q0 68-48.286 116.286t-116.286 48.286h-548.571q-68 0-116.286-48.286t-48.286-116.286v-548.571q0-68 48.286-116.286t116.286-48.286h548.571zM398.857 512q0-50.286-35.429-85.714t-85.714-35.429-85.714 35.429-35.429 85.714 35.429 85.714 85.714 35.429 85.714-35.429 35.429-85.714zM721.143 512q0-50.286-35.429-85.714t-85.714-35.429-85.714 35.429-35.429 85.714 35.429 85.714 85.714 35.429 85.714-35.429 35.429-85.714z"
				],
				"attrs": [],
				"isMulticolor": false,
				"tags": [
					"flickr"
				],
				"defaultCode": 61806,
				"grid": 14
			},
			"attrs": [],
			"properties": {
				"id": 330,
				"order": 18,
				"prevSize": 32,
				"name": "flickr",
				"code": 61806
			},
			"setIdx": 1,
			"setId": 1,
			"iconIdx": 8
		},
		{
			"icon": {
				"width": 585,
				"paths": [
					"M585.143 173.143l-173.143 332.571 13.714 17.714h159.429v237.143h-289.714l-25.143 17.143-81.143 156-17.143 17.143h-172v-173.143l173.143-333.143-13.714-17.143h-159.429v-237.143h289.714l25.143-17.143 81.143-156 17.143-17.143h172v173.143z"
				],
				"attrs": [],
				"isMulticolor": false,
				"tags": [
					"deviantart"
				],
				"defaultCode": 61885,
				"grid": 14
			},
			"attrs": [],
			"properties": {
				"id": 404,
				"order": 16,
				"prevSize": 32,
				"name": "deviantart",
				"code": 61885
			},
			"setIdx": 1,
			"setId": 1,
			"iconIdx": 9
		},
		{
			"icon": {
				"width": 983,
				"paths": [
					"M894.286 73.143q37.143 0 62.857 26t25.714 63.143v296.571q0 100.571-38.857 192t-104.286 157.143-156.571 104.286-191.143 38.571q-100.571 0-191.714-38.571t-156.857-104.286-104.571-157.143-38.857-192v-296.571q0-36.571 26.286-62.857t62.857-26.286h805.143zM492 681.143q26.857 0 46.857-18.857l230.857-221.714q21.143-20 21.143-48.571 0-28-19.714-47.714t-47.714-19.714q-26.857 0-46.857 18.857l-184.571 177.143-184.571-177.143q-20-18.857-46.286-18.857-28 0-47.714 19.714t-19.714 47.714q0 29.143 20.571 48.571l231.429 221.714q18.857 18.857 46.286 18.857z"
				],
				"attrs": [],
				"isMulticolor": false,
				"tags": [
					"get-pocket"
				],
				"defaultCode": 62053,
				"grid": 14
			},
			"attrs": [],
			"properties": {
				"id": 559,
				"order": 24,
				"prevSize": 32,
				"name": "get-pocket",
				"code": 62053
			},
			"setIdx": 1,
			"setId": 1,
			"iconIdx": 10
		}
	],
	"height": 1024,
	"metadata": {
		"name": "icomoon"
	},
	"preferences": {
		"showGlyphs": true,
		"showQuickUse": true,
		"showQuickUse2": true,
		"showSVGs": true,
		"fontPref": {
			"prefix": "icon-",
			"metadata": {
				"fontFamily": "icomoon",
				"majorVersion": 1,
				"minorVersion": 0
			},
			"metrics": {
				"emSize": 1024,
				"baseline": 6.25,
				"whitespace": 50
			},
			"embed": false,
			"cssVars": false,
			"cssVarsFormat": "stylus",
			"showMetrics": true,
			"showSelector": true,
			"showMetadata": false,
			"showVersion": false,
			"selector": "i"
		},
		"imagePref": {
			"prefix": "icon-",
			"png": false,
			"useClassSelector": true,
			"color": 4473924,
			"bgColor": 16777215,
			"classSelector": ".icon",
			"columns": 16,
			"margin": 16,
			"height": 32,
			"sprite": false
		},
		"historySize": 100,
		"showCodes": false
	}
}